Percentile,Accounting,Advertising/Public Relations,Aerospace Engineering,Agricultural Economics,Agriculture,Animal Science,Anthropology/Archeology,Architecture,Area/Ethnic Studies,Art History,Biological Sciences,Chemical Engineering,Chemistry,Civil Engineering,Communication Technology,Communications,Composition and Rhetoric,Computer Administration Management,Computer and Information Systems,Computer Engineering,Computer Networking and Telecommunications,Computer Programming,Computer Science,Construction,Consumer Science,Cosmetology,Criminal Justice,Criminology,Drama,Economics,Education (All),Electrical Engineering,Engineering (Other),Engineering Technologies,English Language/Literature,Environmental Science,Film/Video/Photography,Finance,Fine Arts,Foreign Languages,Forestry,General Business,Geography,Graphic Design,Health Services (General),High School,History,Hospitality,Human Resources,Human/Community Services,Humanities,Industrial Engineering,Information Science,Interdisciplinary Studies,International Business,Journalism,Liberal Arts,Linguistics/Comparative Language and Literature,Management,Management and Information Science,Marketing,Mass Media,Mathematics and Statistics,Mechanical Engineering,Medical Technologies,Music,Natural Resources Management,Number of Records,Nursing,Philosophy and Religious Studies,Physical Fitness/Parks and Recreation,Physical Sciences (not chem/physics),Physics,Plant Science,Political Science,Psychology,Public Administration,Social Sciences (Other),Social Work,Sociology,Some College but no degree,Studio Arts,Theology,Transportation Science,Treatment Therapy (All)
1,1538733,1324145,2027993,1366684,1182853,1140082,1035879,1405172,1085852,1065321,1269666,2028795,1302574,1814954,1067421,1276427,1012676,1298133,1532033,1907162,1271568,1381160,1833017,1827862,939754.3,1016962,1213838,1245946,926512.5,1576771,964649.3,1868578,1670597,1541011,1099866,1169737,1000167,1823850,932307.6,1093201,1214097,1440355,1149997,1088362,1166876,692175.3,1123217,1200997,1406587,1000689,969062.4,1685355,1716494,1122251,1430948,1252709,1104679,1005877,1415788,1755863,1472164,1089096,1458095,1870065,1580904,859248.1,1192284,1,1848973,1017473,1084653,1300709,1421037,1104142,1385411,1113859,1366273,1137622,1028054,1142399,896292.3,830830.3,776534,1584916,1321981
2,1673857,1452861,2156719,1486828,1301391,1210574,1108218,1502214,1191504,1178875,1390405,2147351,1436241,1945067,1140198,1394609,1094654,1395627,1623750,2067476,1389450,1486637,1950713,1925131,1048093,1113641,1301232,1305362,1013567,1694050,1048745,1980276,1779603,1604092,1205525,1273501,1096335,1915426,1006868,1178313,1277034,1556304,1260190,1188466,1281159,747161.7,1217358,1301521,1515190,1085047,1054322,1809456,1852326,1211908,1525415,1374902,1213121,1097480,1499318,1878799,1548848,1170489,1579813,1968075,1657137,951635.4,1278898,1,1936817,1110396,1158662,1410998,1559484,1205614,1500436,1195730,1486955,1221086,1107439,1231707,960840,898292.3,843569,1699234,1453405
3,1760265,1519601,2239833,1542768,1338839,1280512,1181147,1566358,1282530,1233234,1464087,2254166,1500026,2022779,1189102,1466878,1155244,1454430,1694610,2142362,1443412,1549019,2025814,1990184,1104568,1158271,1367223,1363074,1049728,1770844,1098237,2077645,1858324,1675838,1267532,1339759,1147573,1998344,1050379,1224498,1353755,1641190,1317376,1234624,1345411,783407,1300509,1356495,1588345,1124610,1125031,1907381,1930771,1266717,1606046,1456187,1256718,1153780,1586433,1954792,1624942,1237961,1698458,2063995,1729899,1008421,1331279,1,2006161,1172326,1207476,1486162,1620442,1253577,1577738,1257941,1550630,1278673,1155904,1286714,1011118,949059,887309.6,1775853,1530007
4,1816639,1590513,2291640,1601297,1373441,1320816,1226503,1616406,1334004,1292432,1509616,2319692,1557105,2079772,1229326,1499937,1206232,1516157,1741367,2217060,1500029,1591768,2103237,2029274,1148935,1203693,1419670,1405849,1090248,1853009,1134280,2136061,1906809,1730375,1313178,1391700,1190663,2077813,1104120,1270336,1399025,1693756,1356474,1278232,1395005,811445.2,1349127,1406944,1632945,1186262,1166779,1946082,2004876,1318023,1679257,1514000,1310169,1189535,1654073,2047582,1672451,1298163,1777576,2127950,1778262,1049409,1367771,1,2052737,1210454,1241304,1544186,1682277,1298386,1650836,1324267,1605931,1326141,1198279,1334458,1039066,989603.9,919271.8,1844790,1588764
5,1872135,1635626,2337633,1643005,1402891,1357829,1271473,1670584,1375120,1335365,1547362,2386572,1616318,2112482,1273429,1543214,1240385,1561699,1794093,2277945,1546376,1635839,2153124,2079679,1184677,1240422,1448162,1445111,1119459,1909526,1172736,2183278,1958184,1767079,1355399,1438417,1232297,2152864,1152470,1310020,1424143,1735777,1407238,1322377,1440120,834591,1387985,1447537,1687103,1213023,1207004,1997678,2057810,1378051,1733684,1562891,1353419,1235285,1688898,2106050,1717027,1335626,1828505,2187410,1830965,1070834,1397778,1,2117018,1251692,1271409,1579812,1731659,1330395,1694178,1364038,1655501,1371250,1251812,1373754,1071881,1024308,939236.9,1905517,1637134
6,1933803,1678928,2375993,1675082,1438948,1390079,1300770,1715366,1420781,1379739,1585541,2448962,1660046,2157745,1312331,1585471,1269928,1602438,1829549,2326773,1588592,1675739,2212516,2114699,1229210,1264461,1478127,1475138,1149769,1965198,1202786,2245006,1993679,1805820,1389137,1474130,1275176,2204987,1182185,1350400,1462755,1778546,1434643,1358647,1474572,856426.6,1421372,1480606,1722571,1246186,1246281,2050761,2098026,1406637,1783607,1620782,1376917,1279841,1731092,2152971,1754566,1364484,1869378,2232286,1867988,1095026,1431820,1,2166147,1286485,1299297,1611570,1770217,1356920,1739082,1401252,1695045,1399413,1273775,1407236,1097936,1059315,960024.8,1947260,1668082
7,1980822,1725447,2424650,1714774,1462503,1425986,1327841,1761608,1459578,1416923,1614600,2504898,1696953,2195059,1337871,1620513,1303412,1627913,1864424,2367583,1610504,1719503,2257061,2145474,1264304,1289439,1516283,1509865,1176996,2021966,1231060,2278204,2038070,1835150,1427339,1515493,1311567,2251996,1199995,1383580,1486327,1809876,1466267,1383274,1509550,876071.9,1458436,1508592,1759533,1276862,1283274,2109624,2145106,1436259,1824024,1660032,1406627,1305199,1763005,2196871,1810815,1401778,1914420,2279839,1908189,1121692,1456701,1,2200700,1327781,1326742,1644176,1805758,1388837,1764655,1438940,1728498,1427072,1304464,1441717,1121201,1086259,985876.4,2001082,1702443
8,2019701,1757944,2457974,1753361,1492247,1456143,1365201,1796625,1492381,1452120,1648266,2557206,1736259,2231145,1372223,1651547,1335836,1659635,1901334,2412035,1637417,1753139,2300823,2173600,1290537,1304540,1553271,1527545,1212319,2077954,1254608,2314237,2070449,1862438,1455838,1547511,1340400,2288116,1230099,1418526,1510874,1847481,1487648,1415949,1546446,892946.4,1485784,1535428,1792792,1296482,1305795,2154373,2175963,1461665,1858902,1691975,1430176,1335057,1804303,2228833,1851696,1433491,1949647,2310924,1936121,1142433,1474802,1,2228009,1356042,1349993,1675084,1849925,1411705,1795704,1468642,1771238,1449699,1337164,1469745,1142436,1109353,1010027,2031634,1729061
9,2059812,1789341,2506157,1778601,1515926,1485879,1396906,1821166,1526155,1484287,1673612,2594189,1773101,2266927,1395269,1681344,1358527,1685024,1926428,2442872,1662183,1784820,2336536,2202298,1305007,1332854,1579984,1550649,1234598,2129079,1271614,2339475,2102154,1887995,1480305,1577418,1365473,2322788,1246507,1443146,1532491,1885157,1519040,1449544,1568424,908873.6,1518805,1567553,1819479,1319085,1335532,2186427,2208673,1488295,1896863,1726678,1450995,1374753,1835891,2263880,1883172,1463779,1991794,2358171,1958635,1167644,1501554,1,2253818,1377677,1377404,1705513,1886021,1439190,1838400,1492921,1801309,1478702,1351172,1499114,1162112,1127295,1027283,2061453,1757193
10,2090352,1811103,2531544,1821676,1539861,1509091,1422447,1842724,1552479,1514394,1699164,2630469,1799256,2310600,1419326,1710134,1377510,1708899,1957515,2472472,1690116,1809275,2372833,2225844,1328671,1348956,1604593,1578109,1250717,2157790,1298450,2369239,2135151,1914698,1510616,1601833,1389723,2352084,1263412,1467951,1555889,1917784,1537585,1472450,1606280,923926.6,1540968,1596176,1856349,1338152,1370827,2222566,2237750,1506492,1928997,1750681,1477926,1397686,1859162,2283023,1911736,1490933,2022239,2392439,1981941,1188748,1518935,1,2283354,1394393,1398196,1730915,1921446,1461003,1867116,1516168,1834358,1504699,1369727,1529103,1179751,1146648,1042571,2098972,1778388
11,2127699,1837002,2568222,1851363,1567476,1530628,1439082,1872659,1577232,1543240,1720316,2657283,1826973,2336736,1440438,1734172,1409438,1735039,1984891,2513168,1711327,1838542,2394785,2255923,1359048,1362866,1629152,1594502,1271494,2200860,1317219,2401731,2160976,1943179,1534960,1633931,1410237,2385897,1292388,1496793,1579718,1952171,1557982,1500293,1637218,938146.8,1568997,1618759,1890184,1357410,1395095,2248125,2263856,1522006,1959435,1782021,1498541,1425902,1887108,2323027,1939281,1511887,2056458,2424455,2007903,1206900,1538937,1,2313377,1415036,1425280,1756602,1954191,1482138,1891109,1540112,1865662,1530575,1385929,1548267,1196225,1165734,1055503,2128313,1798296
12,2167101,1859700,2598564,1877505,1587829,1558098,1467948,1902432,1592831,1567184,1749321,2685360,1858338,2362263,1470309,1763301,1427981,1758161,2009323,2540751,1735334,1865535,2419010,2286607,1379004,1381875,1646573,1616781,1290742,2236823,1335890,2430697,2191961,1963516,1558923,1662751,1428184,2411073,1313177,1519581,1598259,1970779,1574169,1523994,1663441,951210.7,1585873,1642824,1915623,1370122,1411287,2278542,2300601,1537714,1996378,1805698,1516189,1454131,1913647,2346684,1967514,1529552,2099359,2449839,2028818,1232875,1556410,1,2342693,1443229,1445456,1777422,1988044,1497906,1924987,1560034,1891983,1549816,1405077,1568201,1211029,1181334,1069097,2156280,1812614
13,2199045,1881691,2632748,1891576,1604621,1572341,1486181,1924389,1618869,1590313,1771627,2712398,1880920,2391744,1492940,1788794,1441336,1779485,2029814,2580539,1752375,1891969,2448012,2312567,1399543,1401300,1665936,1639572,1314268,2274432,1352168,2469320,2218711,1998465,1582658,1679888,1445136,2439809,1331267,1542482,1618172,1995474,1598215,1541564,1680888,962683.1,1608779,1664662,1941946,1383882,1425682,2307604,2322008,1560602,2017018,1832150,1536506,1476793,1938978,2376588,1999103,1549342,2130848,2475941,2056863,1249048,1583533,1,2369847,1464923,1461167,1802175,2018728,1515265,1955739,1584968,1912612,1572300,1420321,1585743,1226190,1196544,1088412,2183711,1833825
14,2228824,1914093,2655450,1919064,1622827,1590497,1505390,1951022,1637012,1612223,1793675,2749654,1904519,2411056,1512949,1822586,1464083,1798318,2065370,2607262,1773117,1913403,2474765,2332470,1414447,1424374,1682420,1657297,1334457,2304141,1373440,2504977,2254431,2014602,1607420,1698597,1467059,2468996,1351871,1570106,1640626,2016963,1616609,1563075,1702356,974110.1,1633200,1683800,1967908,1395588,1448287,2338057,2345560,1577109,2044716,1857275,1556311,1504848,1959063,2407216,2021917,1571746,2152096,2514774,2080807,1270376,1598695,1,2391055,1488771,1484425,1816813,2045115,1532863,1991827,1606710,1934938,1588840,1436725,1612451,1240720,1214853,1096722,2200723,1854991
15,2250222,1932540,2692439,1939774,1641321,1611055,1521609,1971910,1668222,1627476,1820503,2775576,1927293,2441689,1533686,1841164,1479107,1814944,2089832,2631448,1791280,1935277,2496685,2352591,1429631,1441160,1700484,1671956,1358360,2336499,1394342,2539676,2278424,2035586,1627109,1716764,1483530,2509574,1368262,1586411,1657773,2042741,1632780,1586303,1726444,985557.9,1654418,1701903,1995686,1407872,1471329,2357858,2374619,1593035,2073985,1884914,1572880,1532334,1986817,2434342,2048243,1594212,2177159,2547682,2103750,1288776,1614414,1,2416375,1510437,1507380,1834206,2077154,1551540,2026388,1627077,1960739,1610430,1447140,1630895,1254735,1231888,1109315,2229543,1875901
16,2275172,1956545,2717873,1959039,1658875,1629162,1535280,1990889,1688642,1648304,1840354,2804945,1947722,2462416,1550314,1866657,1499182,1839778,2107497,2660341,1810356,1958508,2523609,2373075,1443735,1459335,1716886,1689021,1378918,2369448,1416277,2556306,2305825,2052313,1643648,1734806,1498510,2537985,1384928,1605781,1675161,2063440,1649547,1604836,1745503,996624.1,1681215,1723233,2018813,1428328,1485220,2384493,2397773,1616013,2100911,1906515,1594269,1557710,2006078,2454163,2069970,1612114,2206032,2578055,2122894,1307105,1630690,1,2434390,1530368,1527337,1856318,2097893,1569632,2047771,1641823,1979008,1625340,1462138,1654940,1269783,1246492,1122262,2247564,1896131
17,2303972,1976375,2754853,1979983,1679503,1649445,1549388,2011011,1711878,1671921,1861504,2850140,1967006,2480576,1571909,1889497,1526918,1863351,2133217,2686875,1828583,1979746,2554556,2391761,1457364,1470713,1734168,1708274,1395896,2394358,1432092,2574698,2330041,2074655,1668595,1751917,1514959,2564915,1405878,1627856,1688592,2087129,1666432,1624523,1758981,1007755,1705820,1745133,2034035,1440089,1506044,2404440,2421500,1639780,2125043,1929326,1616751,1575828,2030198,2478500,2091110,1636396,2229960,2597667,2144338,1321331,1650488,1,2454407,1543864,1538685,1879739,2125344,1585217,2069326,1659749,1999251,1639888,1475501,1669563,1281100,1262330,1131722,2274337,1920808
18,2330689,1995539,2783173,1997973,1695781,1667495,1569493,2034894,1732067,1690144,1882805,2881420,1989727,2501463,1590395,1909164,1547647,1877420,2151878,2709374,1848563,2006476,2578599,2410924,1473188,1484017,1746286,1726353,1420098,2420766,1443177,2603104,2350416,2091574,1689343,1769521,1533432,2588196,1424614,1650932,1708254,2108795,1679981,1643281,1778635,1018348,1725386,1760765,2053166,1459350,1519784,2427277,2448366,1666389,2150752,1944766,1626752,1591795,2052155,2502391,2116681,1651218,2251944,2619991,2164003,1335597,1663257,1,2477230,1562438,1558258,1898309,2146474,1598563,2092813,1674317,2020803,1654326,1492297,1697748,1293909,1279487,1142013,2299392,1940257
19,2349476,2020253,2810517,2020598,1709707,1684385,1590069,2049001,1748930,1706617,1900486,2912577,2012761,2528931,1606283,1927309,1562854,1894598,2173050,2732972,1863271,2022503,2600097,2433008,1490997,1497943,1760407,1741036,1432748,2448421,1459882,2634848,2364962,2110673,1707730,1786319,1552983,2616118,1437149,1670513,1721572,2127782,1701027,1663625,1794577,1028000,1744462,1777344,2070791,1474282,1542100,2452580,2469887,1684333,2170446,1961755,1643672,1608580,2069129,2529330,2141928,1663378,2280722,2643332,2185552,1351346,1677212,1,2494721,1579607,1573526,1913939,2169775,1620144,2115456,1692896,2037393,1674357,1504942,1712005,1307671,1290716,1153191,2318970,1955607
20,2373365,2039694,2831509,2040294,1727448,1700617,1606404,2064988,1772817,1721916,1920329,2937087,2038706,2552411,1626437,1952772,1580006,1909723,2187700,2755719,1882310,2038310,2618207,2450264,1506827,1514142,1774303,1755320,1450060,2478480,1474386,2659328,2390421,2129909,1723093,1802028,1570278,2645665,1451849,1690224,1740602,2150776,1720206,1679586,1806050,1038032,1764601,1792652,2094055,1489231,1556702,2477816,2496548,1706096,2192423,1981293,1658089,1627262,2087808,2551988,2165194,1683932,2304817,2668532,2199982,1366028,1694143,1,2517641,1592319,1586894,1928451,2184493,1634327,2139079,1708631,2060802,1690838,1517417,1735877,1320119,1303484,1162993,2341635,1970738
21,2400120,2066022,2853882,2055964,1742036,1716224,1625168,2082420,1791831,1739745,1938151,2974023,2061876,2567158,1641985,1975153,1594648,1924977,2207448,2777405,1900657,2058932,2635071,2467919,1520634,1527970,1789137,1771172,1463110,2495114,1490029,2684729,2411961,2147206,1744771,1817519,1585935,2673622,1473228,1707604,1754712,2172837,1738222,1698793,1827535,1048488,1778193,1814718,2110594,1505196,1575283,2498833,2519782,1726921,2223037,2000737,1669845,1646365,2106958,2576887,2191228,1704060,2323561,2691725,2218153,1379168,1709514,1,2533153,1611308,1604152,1947107,2203726,1646683,2155540,1726359,2081250,1706011,1531363,1755288,1334520,1313915,1175528,2366553,1988137
22,2421704,2083076,2873594,2077319,1761627,1730794,1639075,2095379,1806721,1760398,1953642,3005521,2090926,2582933,1660726,1989947,1609919,1943262,2224988,2807281,1913671,2080101,2656114,2488580,1536783,1538942,1803930,1786829,1476539,2516327,1505655,2714358,2429448,2165417,1763516,1831675,1602528,2697827,1487449,1723961,1767951,2195830,1758206,1713890,1840512,1058137,1798974,1829586,2125784,1516284,1593173,2516327,2536487,1740371,2242345,2018741,1685462,1664996,2120637,2595228,2219777,1717861,2344551,2717166,2233320,1392172,1722473,1,2553052,1628292,1615669,1968584,2223600,1658903,2179331,1741738,2100998,1722083,1549319,1770995,1346276,1328595,1189456,2395295,2003256
23,2440913,2098651,2892959,2096151,1774499,1744115,1657117,2118716,1824552,1783022,1971582,3028800,2118338,2603316,1680241,2008458,1623457,1957954,2242086,2830150,1929198,2095679,2680547,2509709,1549154,1549678,1821832,1799547,1488470,2541025,1521393,2735331,2445913,2180844,1778612,1855879,1616924,2722845,1501527,1742259,1777836,2218043,1774706,1729948,1858137,1067370,1814863,1844629,2147840,1532641,1609058,2536611,2555437,1759207,2264119,2041227,1707410,1678805,2135478,2612003,2234975,1732937,2371611,2735604,2245822,1410031,1738182,1,2573103,1643183,1628890,1985988,2245372,1668745,2202460,1754042,2120752,1734852,1561960,1786551,1358542,1339485,1202052,2413438,2028685
24,2462320,2115922,2920226,2112560,1787226,1758220,1676287,2131901,1842396,1801309,1989434,3063838,2133958,2624974,1694195,2033284,1639596,1974071,2262200,2853383,1945216,2110166,2701482,2525274,1563923,1560304,1837280,1818961,1503622,2561491,1532146,2756350,2468072,2200046,1801624,1871520,1631132,2741083,1514506,1756668,1789150,2237217,1786911,1745140,1874680,1075513,1833245,1861181,2167886,1549434,1625675,2559319,2577143,1773793,2292285,2063841,1724683,1695637,2150726,2631974,2257663,1748941,2389686,2752173,2263596,1421178,1748833,1,2590332,1664497,1641951,2006409,2269672,1679594,2222810,1768465,2135379,1747356,1574817,1803346,1369798,1355632,1212640,2429292,2052929
25,2479781,2133077,2946511,2135280,1799249,1771213,1697268,2145076,1863687,1817366,2006485,3085158,2151894,2642529,1705984,2053706,1656771,1988419,2279344,2874575,1961581,2129547,2722473,2546541,1580449,1571678,1852919,1835843,1519665,2579797,1545386,2775204,2489691,2213816,1824350,1891264,1651176,2757511,1528306,1773452,1803886,2257457,1801960,1761110,1887874,1084370,1850293,1879985,2186996,1564831,1638215,2581171,2597025,1790993,2308298,2080778,1739278,1720283,2167838,2650754,2274511,1765470,2418497,2773785,2282769,1437519,1766038,1,2605257,1683006,1661962,2022696,2285743,1693146,2248474,1781891,2150717,1765303,1590818,1822355,1380582,1371781,1224471,2447448,2071683
26,2502432,2152671,2963410,2153531,1811762,1785665,1710658,2159440,1878119,1836501,2029086,3105201,2169250,2658892,1717107,2073217,1674040,2009674,2292016,2902162,1976365,2142851,2746364,2564814,1595649,1583512,1870168,1851437,1534123,2610765,1558696,2797553,2506522,2230860,1842453,1907879,1667813,2777466,1543486,1791685,1819036,2273060,1816892,1782267,1905574,1094117,1867348,1894874,2206836,1576201,1654873,2610390,2619358,1811550,2330984,2097093,1750857,1739105,2188699,2672584,2299522,1781726,2439966,2789627,2301004,1450686,1777397,1,2622018,1698531,1675232,2036801,2309042,1706328,2264979,1797458,2167839,1780310,1602333,1837217,1391310,1385726,1234803,2466409,2084579
27,2522873,2168796,2983447,2169457,1827264,1804292,1727060,2178012,1898388,1851966,2046554,3129696,2184702,2673271,1730242,2095260,1687237,2025683,2309460,2923860,1987651,2153504,2768178,2585139,1611263,1597237,1883277,1869111,1545441,2636965,1570959,2818449,2525112,2248796,1859144,1919775,1685260,2800705,1561082,1806595,1829795,2295711,1831692,1796853,1918164,1103447,1886353,1908273,2225402,1588597,1669402,2630561,2638138,1828436,2350497,2122465,1769081,1758604,2201930,2692683,2323831,1799078,2461870,2815777,2317710,1467970,1787946,1,2641265,1713332,1688376,2055332,2327550,1718294,2278645,1812045,2184088,1800170,1613669,1852296,1403677,1403203,1243176,2486004,2104410
28,2540694,2187467,3002172,2184985,1848463,1817956,1741701,2195597,1917914,1872717,2065210,3156791,2202028,2689053,1747773,2114295,1704274,2037975,2331047,2939875,2004150,2167485,2787521,2606636,1627102,1610029,1897879,1887647,1558668,2660736,1590997,2841530,2542675,2262935,1874983,1937708,1699632,2834058,1573753,1822626,1843332,2311055,1846792,1814314,1934981,1113041,1903243,1924997,2241884,1598663,1682467,2656449,2656765,1845506,2368841,2138216,1784196,1773798,2222621,2714592,2338748,1821143,2477803,2836838,2332554,1480737,1804036,1,2662792,1728226,1700997,2067635,2342364,1730439,2294964,1829202,2197617,1813203,1623816,1869886,1414600,1415639,1252666,2501958,2121574
29,2568515,2214792,3020189,2202756,1865445,1827161,1755040,2212524,1931465,1887453,2077999,3181595,2223571,2707528,1760698,2132141,1719573,2056768,2343189,2963202,2014462,2185980,2803819,2618499,1640838,1621767,1914655,1902272,1572805,2683961,1604532,2858679,2560164,2272879,1889047,1952733,1714433,2854444,1585647,1838371,1855074,2333019,1861694,1831613,1949554,1122535,1920437,1939825,2258595,1609154,1698498,2681118,2674856,1860906,2388603,2155163,1799588,1794297,2241190,2729577,2359790,1836477,2495331,2858943,2348506,1492623,1816630,1,2685994,1741028,1718023,2086106,2357354,1743249,2311443,1844791,2213529,1828020,1638653,1882194,1425148,1427426,1264149,2522254,2136758
30,2587777,2230384,3037166,2217526,1878612,1846876,1765291,2226423,1943986,1908249,2093133,3211729,2246778,2729647,1771277,2143352,1735131,2071912,2355492,2985452,2034683,2207119,2829514,2634820,1656011,1631049,1926407,1914526,1586601,2707213,1616787,2877661,2580981,2289313,1910144,1966089,1730937,2875405,1601302,1851682,1867728,2349890,1871904,1846429,1964498,1132138,1939283,1955368,2274761,1618856,1711355,2706395,2694932,1872779,2404160,2179997,1813710,1807987,2258945,2747316,2376575,1850264,2524498,2877915,2365889,1504359,1826288,1,2707876,1752889,1730270,2106941,2381101,1755162,2329186,1859722,2227161,1844585,1651000,1894283,1435215,1441363,1274118,2543823,2154131
31,2608934,2252958,3051166,2235277,1895059,1861412,1782963,2243571,1958560,1923645,2110227,3242760,2266962,2751510,1784892,2168075,1746703,2084130,2373896,3007269,2050745,2224320,2847197,2648468,1669284,1641872,1939127,1928261,1600528,2726196,1627577,2896166,2600495,2305054,1930702,1984853,1745062,2895008,1611103,1869549,1880212,2369538,1885865,1861874,1980554,1141457,1953693,1969940,2288912,1629861,1727604,2726408,2712483,1892291,2423475,2196403,1827738,1822092,2276120,2766744,2388012,1863257,2544012,2898114,2383054,1516245,1838812,1,2721048,1765858,1739256,2125525,2400534,1764490,2349116,1872653,2243472,1858052,1663914,1911259,1446312,1452197,1284275,2566268,2172015
32,2624324,2265549,3069687,2247591,1911012,1870235,1800801,2259711,1980578,1944728,2129264,3260118,2290976,2772502,1806952,2186946,1761785,2099206,2387747,3027907,2067388,2245649,2871250,2659403,1684975,1652952,1952154,1942812,1616298,2756352,1637859,2919181,2617772,2318369,1947221,2000163,1760180,2922104,1620788,1888003,1892127,2388749,1895699,1876688,1998249,1151244,1965818,1986309,2303338,1639960,1749145,2744525,2727588,1908002,2446751,2215984,1839039,1837255,2288600,2789100,2404622,1875682,2567023,2921405,2395568,1530731,1848831,1,2740152,1781821,1757153,2142894,2420034,1779242,2367362,1889628,2261894,1873407,1674920,1927250,1456536,1463216,1292378,2582818,2185750
33,2643314,2283280,3084316,2268606,1924589,1880449,1811865,2280694,1993149,1960960,2145846,3278239,2308662,2785147,1818769,2204605,1773117,2114108,2401652,3043910,2082243,2266994,2888835,2679113,1701418,1665090,1966242,1954022,1630376,2782513,1648417,2943598,2637016,2333732,1970209,2014736,1777691,2946990,1632948,1904428,1904456,2405105,1909151,1891581,2011713,1159418,1983428,2002794,2318054,1650187,1763793,2760698,2748362,1927076,2462693,2233382,1856536,1853248,2304534,2806037,2416713,1892866,2589940,2942177,2412936,1545044,1861615,1,2758669,1799118,1769036,2159984,2442762,1789574,2392215,1902285,2280170,1889556,1688943,1939698,1467003,1473416,1301973,2603370,2202745
34,2665787,2301035,3101479,2286089,1936240,1894591,1825240,2296496,2005820,1978569,2163848,3300866,2323442,2797041,1834424,2224113,1786315,2130479,2415899,3061035,2099131,2286183,2907255,2693446,1714725,1676458,1979472,1963811,1644218,2801540,1655720,2960972,2655224,2345991,1987263,2028109,1795230,2969268,1649956,1916115,1915211,2425905,1924792,1910373,2028599,1168459,1996968,2016694,2337399,1663317,1776872,2781618,2763562,1943024,2491997,2254493,1870667,1866062,2323018,2824855,2430871,1910550,2612801,2959203,2429841,1560140,1874392,1,2775377,1814138,1784018,2176542,2457808,1802789,2409867,1919439,2293263,1905459,1700649,1958470,1477196,1490321,1310832,2623148,2215421
35,2683951,2318755,3121333,2298290,1954022,1904826,1843385,2312967,2021707,2000844,2183560,3320538,2336328,2816595,1847695,2238948,1802699,2140893,2437425,3082851,2112850,2300977,2922392,2708377,1729661,1684746,1997180,1975786,1653901,2832799,1669906,2977916,2667862,2359990,2003452,2039869,1810319,2994786,1666083,1929663,1927922,2444113,1936320,1924317,2045225,1177455,2012941,2034511,2351788,1674571,1789201,2798869,2782558,1956519,2509529,2267747,1883839,1884589,2342086,2837093,2448014,1925295,2628838,2973332,2452978,1576779,1886265,1,2792375,1828890,1796917,2190936,2478206,1815452,2431392,1932647,2310214,1919698,1714390,1971325,1488391,1504989,1320943,2643798,2231186
36,2708634,2332619,3142549,2314938,1968966,1921529,1857043,2327936,2043319,2016711,2200284,3348332,2351194,2838352,1859750,2260969,1820912,2157337,2452576,3105688,2129191,2316265,2938105,2722264,1741878,1695258,2009641,1986123,1668679,2852179,1683698,2994453,2687992,2377293,2020236,2055196,1827922,3015065,1680661,1945806,1941010,2463255,1950710,1939371,2061850,1186581,2034868,2050789,2371355,1683749,1803045,2814574,2797969,1978732,2530649,2283884,1895402,1902051,2360901,2854127,2463430,1944712,2646147,2993546,2469057,1592106,1900781,1,2809747,1839844,1808787,2203244,2494532,1828157,2446788,1946347,2324072,1932189,1726167,1990638,1499898,1516683,1329560,2656174,2248910
37,2732002,2348255,3164529,2328805,1980149,1937922,1869436,2343414,2060823,2034602,2219069,3369555,2369994,2855994,1874807,2276786,1835069,2169590,2467113,3127684,2144355,2330640,2965123,2736496,1755742,1706931,2019585,2002799,1682193,2876277,1695972,3009989,2706993,2387869,2037787,2068941,1842252,3033879,1693558,1960574,1952705,2490894,1967927,1957254,2081006,1195110,2050366,2065064,2390505,1693133,1815129,2830546,2814802,1993274,2548814,2303356,1908699,1924042,2379107,2876260,2484069,1964129,2668731,3011639,2482998,1606111,1913023,1,2827851,1860647,1818389,2220179,2519253,1841855,2463654,1965358,2341153,1940964,1739026,2004133,1510300,1528432,1341656,2675544,2270665
38,2754009,2361560,3188250,2345265,1994282,1952031,1887647,2365056,2076323,2056063,2229460,3394119,2391902,2874122,1887656,2297018,1848742,2184043,2481029,3150421,2158441,2354462,2981960,2756331,1770726,1721325,2033205,2016643,1698016,2904701,1706547,3028772,2729461,2402039,2053107,2086187,1860185,3055191,1710362,1971432,1962873,2504630,1981493,1971505,2096240,1203501,2065823,2076803,2412390,1702853,1831393,2851620,2832273,2009978,2565249,2320141,1928367,1937839,2403027,2895589,2505017,1983712,2685773,3036608,2496917,1621186,1927763,1,2843657,1873214,1832113,2236218,2540388,1853328,2482527,1981220,2357534,1953803,1750499,2017328,1521510,1541872,1351236,2701560,2284821
39,2777380,2381429,3204816,2364656,2011988,1963191,1904314,2382513,2094009,2075987,2245071,3419121,2410809,2890784,1904308,2313952,1863085,2199663,2493988,3179104,2174026,2371260,3005508,2769882,1783745,1731146,2044302,2032442,1711993,2922586,1717841,3045771,2746436,2416797,2071739,2101135,1874793,3087953,1725270,1992554,1974379,2520343,1995192,1982977,2116290,1211962,2082324,2091693,2430254,1715284,1841963,2865457,2850993,2023976,2585069,2335526,1943093,1954626,2418126,2910634,2524981,2002327,2708337,3052641,2513700,1635609,1939903,1,2856969,1886655,1842284,2253691,2558468,1864577,2499811,1991347,2373866,1965138,1766347,2031992,1531587,1557714,1361175,2718628,2303072
40,2795971,2405071,3224046,2380315,2026138,1978249,1916686,2401354,2111160,2099248,2262752,3443375,2427064,2907360,1925193,2329684,1880297,2216062,2517064,3199052,2192051,2382540,3020704,2784056,1798912,1746144,2056128,2041561,1725877,2943514,1731498,3064863,2767568,2431553,2087326,2112929,1889870,3108331,1735864,2013925,1986218,2540183,2011494,1996597,2136972,1221047,2096832,2106871,2445928,1729065,1860099,2879525,2874461,2038947,2607257,2351113,1958346,1969298,2441335,2926522,2542216,2017209,2728059,3079779,2528835,1652889,1953123,1,2876053,1905405,1855414,2266236,2582634,1878856,2520724,2004328,2392986,1977456,1780029,2053324,1543405,1571926,1370196,2738261,2317670
41,2811466,2424115,3248835,2400362,2034375,1991107,1930666,2418488,2130592,2116345,2280297,3465375,2448256,2927262,1938791,2352877,1895349,2233921,2538462,3219460,2204193,2398358,3034180,2802218,1813005,1758741,2069522,2055939,1738524,2964597,1743135,3092687,2788694,2448714,2100637,2128526,1900663,3126758,1746914,2033792,1999043,2559822,2025803,2009258,2153576,1230077,2115937,2119166,2471736,1741949,1878712,2902392,2895977,2053432,2623457,2365275,1973071,1986316,2454961,2945063,2557434,2038940,2751533,3100418,2546533,1667493,1966576,1,2894183,1922342,1869205,2283468,2598903,1889389,2545246,2024170,2408260,1989695,1790752,2069527,1553132,1584661,1381154,2754254,2336144
42,2835408,2440957,3266904,2414975,2050011,2003151,1947597,2440570,2147043,2133634,2292876,3481803,2469981,2945097,1954415,2366474,1912367,2249411,2552879,3240302,2220553,2415053,3057335,2816162,1825683,1772088,2082559,2068558,1752364,2998270,1756386,3116428,2805108,2465471,2114152,2141481,1917402,3147877,1758825,2046785,2017835,2572838,2037521,2024165,2169023,1238762,2133109,2138380,2492048,1754890,1888688,2924587,2910726,2070664,2643279,2381158,1988483,2004908,2472986,2962272,2577702,2052966,2768961,3120710,2560946,1681784,1978554,1,2912819,1937295,1881318,2300385,2614757,1904280,2567095,2039189,2425790,2004171,1806386,2084824,1564690,1605401,1393490,2773933,2353633
43,2852486,2456841,3285897,2428737,2068551,2019566,1966670,2454842,2163524,2149608,2311016,3502757,2486980,2962506,1971928,2382261,1926591,2261627,2573092,3258179,2236273,2435531,3078520,2829969,1841939,1781550,2095178,2078228,1768600,3019346,1769538,3132321,2820264,2479463,2127633,2156886,1931667,3167992,1772649,2068716,2032322,2594641,2053350,2039171,2184724,1247167,2147626,2153415,2510482,1769809,1903666,2944477,2927082,2085867,2666556,2397234,2002635,2018869,2495664,2976815,2592370,2066901,2790925,3136905,2578557,1693707,1989627,1,2929163,1949123,1892425,2319627,2643371,1916221,2588875,2053334,2441956,2019749,1816706,2102854,1574280,1615812,1404585,2790897,2368761
44,2878894,2471280,3301770,2445121,2079386,2037353,1978714,2470190,2181921,2167138,2327262,3530417,2508547,2982355,1984152,2405057,1941079,2280343,2592696,3279053,2252850,2451348,3096185,2846826,1857125,1792930,2111186,2089266,1781330,3045224,1780993,3153313,2834860,2495028,2142981,2172886,1947207,3188617,1787039,2083537,2045369,2614345,2069463,2052961,2199209,1255259,2161126,2170607,2526995,1782046,1918270,2967003,2942409,2102951,2684818,2411737,2018711,2040433,2509726,2994417,2608249,2079616,2815539,3155907,2596158,1708660,2004241,1,2944998,1969035,1912566,2336062,2668190,1930299,2612670,2064083,2457008,2034486,1829590,2118022,1585796,1627066,1417943,2811020,2385345
45,2898365,2485469,3327226,2458998,2093957,2048717,1993883,2486426,2202614,2182130,2346901,3556121,2531315,3002343,1999468,2414164,1955607,2298298,2607465,3303427,2269295,2467037,3117171,2863139,1872911,1805594,2126033,2104868,1798676,3074028,1794091,3174975,2852062,2508378,2162001,2188562,1963323,3213237,1802430,2103066,2057118,2632791,2081049,2065707,2210451,1264543,2176061,2185326,2544886,1793118,1933648,2987473,2961960,2119687,2705292,2427321,2036112,2053561,2528771,3020553,2631433,2097927,2838774,3175043,2612076,1721837,2014432,1,2962225,1986184,1927038,2347882,2689156,1939133,2628923,2079645,2470410,2050914,1843024,2131953,1597008,1639165,1425639,2827654,2399550
46,2916323,2508586,3345155,2479966,2106355,2064886,2006621,2501749,2217654,2202511,2362387,3581992,2547605,3018737,2014174,2432610,1974069,2309849,2622307,3323803,2283137,2485271,3135024,2878810,1886928,1818456,2135510,2118690,1814852,3099424,1806308,3196198,2868432,2527020,2181070,2203663,1978507,3236540,1821037,2122007,2070333,2651795,2096451,2083552,2229957,1273099,2196207,2200567,2559673,1804326,1948603,3006669,2981674,2137833,2722342,2443111,2052418,2073748,2546862,3035919,2647845,2113300,2858240,3192411,2628724,1733721,2030174,1,2982411,2000930,1939158,2367955,2711352,1952608,2652741,2093226,2488943,2064491,1858581,2147132,1607928,1650547,1434164,2847507,2412193
47,2940028,2529376,3361504,2499055,2117605,2078742,2021188,2517233,2236748,2224238,2382730,3601860,2563976,3036428,2029593,2448777,1987982,2322066,2637052,3340334,2293427,2503100,3157602,2894985,1899604,1832149,2151101,2132146,1829500,3123351,1818747,3217604,2884677,2542565,2198943,2221809,1993259,3256013,1831783,2136972,2082306,2675474,2110685,2098864,2249096,1282082,2213490,2213428,2574639,1814950,1967105,3028009,3001159,2149704,2754272,2462803,2069257,2088142,2564116,3061113,2673392,2129035,2880775,3209829,2647755,1744533,2044208,1,3000194,2015169,1948275,2389429,2729446,1966711,2674951,2108919,2503410,2078577,1873073,2161494,1620298,1666521,1443171,2868608,2426452
48,2961939,2554909,3383116,2513442,2130192,2093575,2037481,2540353,2258769,2239918,2397264,3622819,2582610,3058280,2044754,2463518,2000549,2335137,2657624,3361519,2307653,2515676,3179053,2908168,1913202,1843334,2165299,2145751,1841448,3146688,1829354,3235807,2900463,2560172,2222289,2236505,2006796,3276021,1848580,2155933,2095211,2692640,2127596,2115227,2272267,1291441,2234474,2229067,2597494,1825975,1983028,3047268,3014526,2163140,2770779,2480748,2085453,2105870,2579966,3078476,2691479,2140066,2907805,3225550,2662131,1755158,2061837,1,3014281,2031782,1960053,2400049,2746741,1984357,2690937,2120841,2515241,2092826,1886059,2179800,1633004,1679142,1456039,2893386,2442710
49,2982953,2574051,3397868,2528621,2146500,2105181,2051443,2555404,2276959,2265810,2410292,3645592,2599428,3076115,2058813,2479394,2020721,2352085,2679286,3379957,2319769,2537541,3198518,2926319,1929023,1855503,2179564,2161580,1857727,3172890,1840285,3255791,2914141,2580382,2244816,2251487,2022022,3302591,1862188,2169759,2106159,2710270,2141970,2128029,2287057,1301261,2256721,2244282,2611677,1839173,1995561,3068974,3032806,2177466,2792743,2502753,2100313,2123932,2597999,3095681,2705888,2155594,2926634,3240444,2682551,1767126,2070572,1,3033386,2047022,1974145,2414585,2766531,1992472,2708305,2133364,2535248,2108639,1901169,2194509,1643535,1691104,1468268,2907280,2456546
50,3006343,2595233,3421691,2541548,2157561,2123719,2066143,2575749,2300452,2289580,2429106,3670773,2616800,3094790,2072067,2492454,2035542,2368580,2697976,3408472,2335827,2556315,3216832,2949295,1942230,1866333,2194754,2176318,1869143,3204282,1855244,3275098,2929104,2597118,2262669,2265927,2036856,3329913,1878371,2186429,2117295,2726232,2160130,2145721,2302527,1310580,2274759,2255851,2628334,1852479,2006220,3094193,3054299,2194711,2821067,2524470,2117050,2137422,2619299,3110694,2727013,2172617,2952435,3257110,2697203,1781540,2082330,1,3049110,2058236,1987023,2436294,2790108,2004465,2728787,2149715,2552019,2119314,1909447,2207291,1654439,1705703,1477868,2923403,2474682
51,3028373,2614008,3443476,2563437,2174168,2137270,2083720,2600265,2319872,2308570,2438785,3691486,2629382,3110685,2086453,2512821,2051266,2384918,2713895,3424078,2352283,2582144,3240620,2963228,1955026,1880363,2208454,2188118,1880355,3232153,1869491,3295328,2945531,2611031,2277692,2281883,2051765,3352911,1893093,2209098,2127959,2747573,2172624,2160399,2317362,1320141,2295004,2270660,2645510,1866132,2022310,3107771,3075845,2214424,2844185,2549386,2133289,2155977,2641299,3130948,2749949,2188907,2975566,3273594,2715701,1794465,2095975,1,3066250,2075123,2000922,2457134,2813080,2016539,2745132,2167771,2563962,2136804,1922744,2221389,1666915,1720233,1488438,2944538,2491189
52,3052124,2639094,3464465,2577543,2187647,2153158,2097738,2618524,2341110,2328107,2453814,3713557,2653292,3131198,2096979,2529741,2068143,2402508,2731613,3440793,2367181,2599452,3259117,2983251,1971218,1890878,2219982,2203231,1895985,3255238,1883404,3316710,2960504,2624648,2294303,2299555,2069408,3390036,1911560,2226952,2141687,2766932,2188768,2176617,2338541,1329893,2312304,2283354,2665236,1877330,2041643,3126995,3092062,2229664,2862939,2566859,2144733,2174099,2660614,3147881,2768634,2203195,2997693,3300540,2730228,1808964,2109143,1,3090124,2088554,2013395,2475167,2832778,2031600,2761082,2180128,2580856,2153296,1937117,2232513,1677985,1736537,1496778,2967999,2508425
53,3075336,2654568,3484933,2596446,2199235,2167721,2109376,2634350,2358322,2349047,2474392,3742376,2676010,3147706,2113469,2548149,2088724,2417523,2751824,3460837,2382634,2622689,3276766,3001197,1984384,1902430,2233499,2219813,1914774,3284777,1892966,3336731,2979418,2641757,2306027,2314046,2084583,3413928,1929011,2242906,2151852,2783257,2204110,2198009,2355995,1340412,2330515,2296176,2683714,1890319,2061425,3146963,3105729,2244287,2885977,2585262,2157589,2189911,2677516,3173570,2791174,2222712,3029505,3319741,2749934,1822599,2123529,1,3107035,2100973,2033928,2492162,2853789,2046182,2786897,2200759,2595555,2164345,1956106,2251243,1689317,1749744,1503596,2983477,2522995
54,3100204,2678612,3497475,2607877,2212715,2185612,2124884,2651384,2377274,2369658,2490902,3767353,2700982,3164211,2127320,2565547,2106024,2434844,2767705,3482273,2399561,2642445,3295220,3020917,1999724,1914603,2250396,2232681,1925428,3309751,1904800,3364221,2999398,2661385,2325152,2329425,2101882,3436668,1944191,2261426,2164506,2807374,2218874,2210785,2373740,1349899,2353178,2312328,2699328,1902450,2082758,3164835,3126089,2260422,2902666,2602630,2177585,2212606,2697190,3189001,2811974,2238176,3052250,3342896,2765916,1832565,2137295,1,3127605,2119203,2051556,2511766,2878778,2061273,2806521,2217300,2619575,2178985,1970481,2267930,1700444,1762693,1516119,3014499,2542464
55,3121043,2694335,3525521,2622644,2224972,2198819,2141645,2674305,2399417,2389154,2506878,3797765,2721173,3184087,2144657,2584309,2124790,2455696,2782191,3496078,2410356,2668694,3315820,3039988,2016060,1927611,2265589,2244933,1943406,3339671,1915516,3383451,3016360,2682715,2346226,2345446,2116526,3463000,1955796,2274650,2177950,2828198,2232137,2229566,2389296,1359465,2372817,2327362,2720452,1913925,2103068,3186119,3146974,2279303,2931904,2620446,2193428,2231594,2712889,3204686,2832612,2254381,3071664,3364562,2783130,1848116,2151739,1,3148171,2139252,2064244,2531697,2902188,2081393,2822362,2237834,2640537,2195552,1985224,2283513,1712580,1781659,1528335,3032090,2557563
56,3138948,2710777,3543867,2640452,2239509,2209984,2161836,2698019,2426690,2413117,2529551,3823637,2739636,3205549,2161412,2604253,2145873,2469158,2795621,3526915,2425245,2688175,3336366,3063980,2035982,1941431,2286053,2264105,1960543,3356463,1928640,3401996,3031180,2697603,2372044,2365014,2137513,3483306,1973338,2296011,2193752,2846057,2251752,2242533,2404258,1369137,2395617,2343218,2737872,1927157,2116222,3198169,3166208,2308595,2957348,2642669,2204897,2250485,2731246,3222399,2860872,2271550,3092820,3383708,2801127,1871576,2168637,1,3167592,2157419,2079553,2549719,2922820,2099031,2841817,2258051,2662244,2211507,2004580,2297930,1724290,1793912,1540309,3048720,2582482
57,3161488,2737269,3570277,2664087,2256773,2222711,2173186,2717327,2449378,2443371,2548752,3851636,2768946,3230894,2179087,2624464,2163853,2486414,2812094,3542617,2443932,2712070,3352983,3079137,2048139,1952442,2301804,2279546,1977282,3376149,1941938,3419022,3053990,2717326,2390393,2385385,2153713,3506917,1990794,2310193,2206373,2871502,2269842,2258764,2418394,1378762,2413345,2359069,2751709,1943409,2134785,3215150,3186488,2323158,2986013,2660302,2227150,2265541,2745806,3243454,2887775,2294090,3115265,3400647,2815351,1891318,2186177,1,3183770,2182437,2097638,2567139,2947300,2115039,2858576,2276479,2678650,2223834,2012758,2319059,1738061,1810927,1551760,3072323,2603969
58,3185301,2760817,3590803,2680000,2273623,2241242,2186675,2741528,2470148,2461195,2569107,3876244,2790272,3249821,2192416,2646469,2183736,2506120,2829071,3566314,2459578,2733778,3379469,3093804,2068911,1961452,2317115,2293040,1989392,3407499,1957107,3440813,3073238,2737094,2405909,2402435,2167317,3525794,2012893,2330484,2220114,2890405,2290174,2275767,2432081,1389580,2434239,2373818,2773344,1958072,2155664,3233451,3207631,2340853,3018112,2675335,2248281,2287506,2767203,3262486,2910611,2309457,3134233,3421802,2832291,1912296,2198605,1,3199538,2197934,2109889,2582622,2968778,2134736,2878147,2300229,2699760,2243130,2027550,2344069,1750832,1828651,1562160,3088268,2621150
59,3216318,2786174,3616753,2706052,2288582,2253038,2205247,2759150,2486287,2485560,2592304,3902715,2817812,3271676,2205613,2670071,2204404,2526697,2847470,3592260,2474414,2753373,3398595,3115381,2081794,1976917,2332171,2309995,2008773,3431166,1969275,3463667,3092833,2754819,2421752,2420385,2182463,3550090,2029876,2346804,2236391,2905074,2303995,2292058,2448935,1400102,2453200,2389800,2790419,1968337,2174398,3248746,3229412,2355644,3039904,2703215,2272385,2307680,2786140,3282126,2934210,2329388,3157482,3441375,2848621,1926066,2213997,1,3220302,2215369,2127781,2600969,2994203,2149002,2910049,2321951,2717717,2262299,2039268,2363872,1762947,1842356,1572667,3115743,2637393
60,3234418,2808665,3639867,2725539,2306685,2266132,2222711,2786423,2501884,2505774,2610730,3933395,2840640,3289861,2223503,2686745,2221784,2540323,2868618,3614159,2491007,2773723,3419932,3132114,2097933,1991413,2344596,2321114,2024682,3456653,1985900,3482383,3105572,2767606,2449027,2450061,2196993,3583502,2043271,2371278,2252706,2923438,2322142,2311630,2464671,1409411,2471185,2406088,2805554,1985686,2195579,3267936,3249707,2376172,3070271,2723390,2285962,2330495,2812427,3300775,2951050,2344545,3175782,3461966,2865186,1944277,2228876,1,3239853,2235480,2141963,2628424,3021106,2164209,2938951,2336930,2733550,2282340,2052628,2389138,1776219,1859900,1585237,3141728,2657063
61,3257665,2828090,3657699,2741344,2323067,2281002,2237828,2805331,2533153,2525399,2634513,3955257,2859341,3311251,2238478,2705611,2237991,2557083,2889223,3638745,2514259,2800406,3437778,3154091,2116878,2003744,2367810,2335521,2043038,3482530,1997978,3505353,3124849,2790716,2466691,2465489,2214297,3607158,2060138,2402165,2269677,2939845,2338742,2326668,2481026,1420673,2484838,2425393,2826398,2000810,2212134,3288442,3269230,2401376,3097948,2745989,2302503,2362269,2833570,3316160,2975950,2369374,3202055,3476713,2886224,1962955,2244502,1,3264264,2253945,2159722,2643291,3043089,2179870,2958211,2354748,2751453,2302221,2068475,2407844,1789032,1876225,1597525,3158571,2673984
62,3291598,2843950,3681288,2755878,2338407,2298657,2251575,2829568,2551970,2550611,2657428,3990255,2882785,3336134,2251360,2727437,2254068,2573997,2903626,3658084,2531304,2820997,3466443,3171027,2135393,2017228,2382765,2351958,2055306,3516539,2013546,3527586,3146047,2808092,2493867,2486807,2232106,3629920,2080435,2427015,2284675,2964706,2362562,2346868,2500915,1432945,2507921,2442843,2845762,2017198,2239345,3307406,3298191,2414938,3122873,2771248,2319817,2386200,2854721,3336312,2999823,2387187,3221081,3499600,2902458,1976520,2253857,1,3282607,2270456,2177052,2661794,3067454,2196862,2981615,2374152,2773729,2320486,2083783,2424980,1801974,1894948,1608767,3185967,2695297
63,3315863,2871762,3704865,2772653,2356163,2316000,2267300,2850584,2571357,2576483,2674180,4016032,2909524,3362121,2269490,2749577,2270374,2594790,2924926,3682106,2554580,2837938,3500799,3191275,2148065,2030259,2400964,2369107,2075866,3548045,2025781,3554823,3163241,2828931,2523454,2509605,2250031,3644989,2098092,2450722,2300794,2985709,2378041,2363735,2521833,1442929,2519539,2459441,2866919,2035829,2255232,3334844,3319464,2432561,3146812,2801130,2334374,2403736,2873517,3358045,3023606,2410893,3251314,3519573,2926833,1992074,2269254,1,3304100,2287894,2196911,2680252,3090021,2211071,3010466,2391398,2787674,2337244,2099660,2448499,1815868,1911722,1619000,3202779,2719080
64,3334638,2900061,3725220,2787169,2371497,2332659,2289575,2870353,2598321,2603760,2697659,4044045,2940331,3382796,2285756,2769426,2293617,2612871,2946194,3707986,2572678,2863042,3530534,3210730,2159397,2045140,2419624,2385138,2099514,3578852,2042448,3586807,3184815,2851509,2545622,2530342,2272274,3686963,2116833,2472090,2317604,3012595,2397387,2390236,2545297,1453423,2539972,2480590,2891404,2057116,2278406,3354963,3346204,2447533,3173455,2820424,2352106,2429933,2891471,3385328,3047190,2431160,3271154,3540143,2946828,2012896,2285225,1,3330407,2307444,2211552,2700026,3106687,2228453,3031538,2409025,2814601,2357169,2113750,2468013,1828651,1932344,1636458,3224799,2742891
65,3365621,2922128,3747125,2809985,2392441,2352278,2305673,2889656,2618980,2631211,2715799,4086171,2964849,3407617,2302682,2784486,2309955,2629149,2968942,3730856,2594522,2879640,3556876,3230402,2176352,2059164,2437664,2403873,2116110,3614862,2055097,3603645,3211059,2870531,2565650,2547975,2287194,3717064,2133029,2496516,2331465,3039423,2419153,2408276,2563858,1465242,2562277,2495989,2911785,2073765,2298536,3386484,3363586,2468468,3192976,2841865,2369032,2445582,2917035,3417761,3072537,2452316,3294578,3565068,2965803,2032909,2300221,1,3349594,2324490,2230406,2719287,3135708,2250999,3054136,2428798,2833537,2376794,2129472,2483043,1843769,1952485,1649232,3252950,2759048
66,3390186,2947266,3769156,2827199,2409726,2373077,2320618,2913110,2643962,2651896,2732910,4118343,2983656,3427124,2321770,2801799,2329392,2647585,2997347,3758843,2616928,2899673,3582597,3248957,2195227,2076179,2451921,2418891,2131854,3644697,2067004,3627881,3233053,2891515,2599748,2567902,2306676,3745806,2150413,2521600,2345192,3060080,2438586,2432248,2583612,1477904,2576834,2512313,2933306,2095466,2327000,3417324,3389411,2488448,3219673,2868600,2388130,2469612,2941449,3443858,3105202,2476246,3320818,3580377,2982969,2054126,2324342,1,3367187,2343540,2249529,2740835,3156776,2270328,3080710,2449571,2851410,2397775,2145812,2501620,1858928,1970218,1660672,3276074,2785415
67,3414818,2979967,3797842,2855586,2431118,2396558,2339587,2932705,2674972,2671939,2760569,4149350,3005388,3458047,2337342,2828235,2347595,2665945,3018548,3789562,2639284,2922940,3614469,3277129,2217537,2091392,2467436,2436473,2150190,3672889,2084293,3654710,3252551,2908927,2624183,2589328,2327776,3781707,2172172,2544121,2362558,3093608,2460848,2450335,2610278,1489893,2606823,2528918,2954526,2107636,2349900,3439687,3409781,2511793,3251045,2888910,2409108,2498849,2961132,3471492,3126252,2493207,3353087,3604461,3001642,2073367,2342479,1,3398135,2359017,2270526,2756773,3185032,2289352,3113056,2473141,2878697,2418327,2161471,2527109,1873955,1986375,1672737,3301796,2807572
68,3438850,2995320,3822499,2875217,2455208,2415211,2358996,2946952,2701758,2700179,2782244,4174147,3035582,3482966,2360008,2852543,2369220,2690857,3038417,3811832,2660061,2945026,3643973,3300789,2236071,2102626,2484371,2448947,2170283,3708290,2103960,3670789,3283433,2925402,2646929,2611770,2358253,3814581,2188432,2571443,2378473,3113926,2477531,2472183,2629044,1502630,2623187,2548335,2985759,2122024,2370136,3466063,3429502,2538409,3273764,2916830,2429482,2524827,2986882,3496541,3151823,2516120,3382595,3627672,3025600,2092558,2363219,1,3429677,2378035,2301569,2778423,3209107,2302032,3138901,2496850,2901137,2432204,2175913,2550238,1889589,2002867,1689797,3328008,2826337
69,3473032,3014971,3851999,2899771,2471622,2438353,2382536,2978011,2737726,2736446,2804891,4195735,3062450,3503167,2385616,2872154,2389755,2711849,3062950,3838005,2681604,2969168,3672922,3326549,2253030,2119281,2500571,2466264,2192503,3749956,2122743,3695364,3304906,2941382,2670928,2636030,2385775,3854992,2205264,2592884,2396031,3140220,2494299,2495031,2657110,1514405,2642696,2576720,3005430,2138801,2389844,3495892,3453320,2556822,3302931,2939944,2442782,2554432,3016980,3525331,3175888,2540561,3408802,3654293,3046672,2108382,2383944,1,3446675,2401506,2320563,2806592,3243264,2316116,3161443,2518251,2923168,2452568,2189246,2572378,1905602,2019308,1701025,3353957,2848085
70,3505566,3045519,3881177,2926974,2485231,2455757,2399363,3010195,2766258,2766582,2829653,4222143,3088274,3525358,2401847,2899728,2407412,2728942,3083875,3861305,2701094,3000742,3717055,3356462,2271595,2136568,2518071,2481804,2212258,3786785,2137081,3725930,3327781,2957438,2700294,2663967,2403660,3889971,2223940,2625658,2408654,3165992,2526677,2523249,2675506,1527123,2664995,2595895,3031862,2159774,2415041,3519529,3479166,2576764,3329706,2960476,2462853,2578352,3045740,3553303,3200034,2563941,3428527,3674038,3067118,2130261,2402881,1,3470429,2424718,2342032,2829695,3268595,2335488,3191964,2537574,2940327,2473607,2208160,2600450,1920698,2047991,1712809,3381886,2873333
71,3537464,3068294,3906775,2947837,2504597,2480466,2420291,3034682,2799666,2790721,2866308,4266494,3111120,3547764,2426472,2923309,2431780,2755122,3105068,3883544,2722177,3033839,3738768,3378404,2291443,2153724,2539906,2499009,2226764,3825495,2154836,3756335,3349447,2980122,2727305,2693200,2420536,3920697,2245243,2662337,2423839,3195132,2548367,2550112,2699008,1539778,2687920,2615593,3051213,2181712,2434051,3549615,3499679,2600867,3365957,2988459,2484126,2607596,3070859,3575230,3224255,2590602,3460994,3707280,3083993,2149121,2415934,1,3485830,2444139,2363242,2854160,3300308,2352223,3218405,2558987,2961279,2492644,2227366,2613986,1936211,2065963,1725097,3408236,2902796
72,3567159,3096020,3935966,2975752,2528798,2508489,2446427,3062620,2826035,2814720,2893252,4304206,3142617,3579610,2454521,2950797,2450644,2778727,3131535,3913114,2743425,3059598,3774971,3402260,2316973,2171192,2561801,2520917,2249646,3865020,2176840,3783999,3375693,2995628,2756969,2716969,2442070,3951690,2263087,2686395,2441687,3217754,2570818,2565653,2716768,1553348,2707361,2646046,3075135,2202051,2471045,3572252,3533453,2632900,3394756,3015951,2502694,2632588,3093808,3606366,3259314,2617038,3487822,3736270,3102747,2175320,2434806,1,3515912,2460120,2386746,2878515,3332160,2377136,3246919,2585760,2985640,2521645,2240282,2640842,1953596,2086121,1740894,3432198,2926175
73,3593669,3127372,3961859,2992784,2551236,2530800,2465761,3089175,2853362,2845350,2914646,4336325,3174166,3609193,2481836,2980959,2475932,2804985,3154316,3949820,2768678,3088743,3805422,3428563,2340968,2188471,2582392,2546451,2266929,3903980,2191540,3807753,3405775,3025155,2781019,2738863,2471251,3982586,2285872,2710229,2459842,3246524,2587782,2589987,2738514,1567662,2731892,2660677,3103312,2219046,2497780,3607507,3557861,2658110,3434958,3037669,2529885,2663282,3123039,3631507,3297770,2642205,3531827,3764070,3134567,2198975,2456720,1,3537854,2481069,2409805,2901043,3369265,2391676,3279935,2614058,3009770,2547786,2263174,2667342,1970090,2111666,1752328,3462689,2952912
74,3623776,3158178,3980306,3016880,2579810,2557389,2484484,3109637,2888209,2878689,2944006,4376309,3200586,3637671,2507516,3018510,2496421,2828979,3181025,3978301,2798556,3113983,3843146,3449462,2366930,2201855,2607199,2565634,2286712,3965893,2212008,3839557,3442490,3045600,2799783,2762135,2495141,4027986,2303148,2738054,2480994,3269882,2613677,2611362,2763945,1582536,2760601,2679129,3144676,2243208,2516599,3641656,3586938,2686250,3480610,3066134,2551663,2695062,3156182,3655877,3328579,2669201,3563351,3800690,3159007,2225136,2478715,1,3558588,2503403,2433911,2921095,3397084,2417064,3318849,2639538,3048398,2569055,2280220,2699489,1986926,2134583,1767914,3490510,2974626
75,3651773,3195557,4008000,3043933,2605541,2584757,2523626,3146028,2913227,2919564,2975389,4426334,3229870,3665530,2524654,3041800,2520439,2853151,3209308,4007365,2818394,3139558,3877253,3477373,2391447,2221327,2626521,2579732,2306677,4000826,2232688,3864233,3475166,3072543,2833708,2784340,2520475,4060625,2329795,2766461,2498126,3306959,2634986,2633863,2789148,1596831,2783494,2698482,3178883,2266891,2557132,3680277,3619131,2712812,3508034,3093519,2573494,2734160,3187459,3679877,3355830,2695934,3598286,3831721,3192429,2244005,2495807,1,3585168,2531516,2453011,2949259,3428121,2437260,3350060,2662802,3076827,2586626,2298195,2724946,2005174,2155866,1784335,3530088,3003304
76,3685373,3233226,4035652,3072492,2632581,2607869,2547876,3182669,2960821,2955480,3001579,4461756,3266178,3693927,2542475,3072301,2554673,2881210,3243942,4044479,2839070,3163811,3908805,3499913,2419741,2242780,2649568,2603344,2333832,4046700,2255896,3895288,3503199,3096036,2857000,2816533,2535539,4096958,2358627,2794039,2520906,3335324,2662223,2669562,2811835,1611226,2799407,2723355,3209581,2286411,2589355,3714402,3654976,2741786,3534804,3123218,2596787,2765898,3212950,3711322,3387789,2726186,3628660,3860742,3218792,2268176,2519330,1,3614955,2560650,2475497,2977688,3473981,2454528,3382437,2685580,3101065,2615639,2321619,2748576,2024380,2182952,1800659,3564289,3029806
77,3729643,3263360,4077351,3107265,2657824,2633838,2575568,3211292,3000152,2983313,3033323,4503803,3301497,3726744,2568214,3106329,2590535,2910260,3276596,4088716,2865846,3190578,3938776,3531339,2451485,2261034,2669909,2641420,2359607,4095462,2272323,3929604,3535846,3126330,2899869,2840781,2558299,4137774,2377927,2832148,2542241,3367593,2688441,2693423,2841603,1626444,2825230,2749027,3231496,2313447,2616865,3748558,3695983,2771004,3556520,3154010,2625964,2797792,3238601,3742651,3439241,2749774,3669727,3894349,3242797,2291769,2546605,1,3647475,2596254,2500903,3000793,3505155,2482476,3422368,2716799,3140397,2637567,2348008,2779458,2044914,2214477,1815352,3604343,3060577
78,3766920,3313883,4126595,3127804,2688359,2663814,2607034,3245878,3028436,3021534,3067914,4549769,3340827,3757720,2597332,3146283,2626055,2940120,3307541,4120042,2903417,3224173,3976977,3565843,2476100,2286450,2691572,2659408,2383192,4147775,2289790,3953017,3576004,3150832,2928778,2874074,2589794,4191589,2403445,2854172,2563389,3398129,2716208,2725555,2866788,1641738,2857415,2785445,3265516,2334563,2654577,3784228,3725993,2798723,3609095,3195176,2657625,2825263,3272367,3772163,3473886,2786776,3710787,3931648,3271405,2324433,2566841,1,3675860,2622054,2526904,3026637,3546966,2502114,3459264,2746161,3165250,2659595,2373135,2804332,2065205,2238682,1830714,3635912,3097067
79,3809655,3347583,4162444,3159506,2711516,2688447,2640096,3281658,3066798,3055384,3095778,4597409,3387565,3784686,2628719,3184932,2659438,2971873,3338016,4155843,2926745,3258701,4006501,3593290,2510406,2315032,2718012,2687542,2406634,4190177,2307272,3985718,3618036,3178299,2972028,2906807,2610980,4234468,2431900,2882027,2584638,3428674,2739206,2754500,2901432,1658797,2889212,2817210,3299732,2364983,2681181,3819797,3751197,2823799,3658400,3232032,2689712,2856794,3313648,3805759,3513835,2817305,3756234,3963168,3292178,2352868,2589286,1,3701906,2652620,2547409,3060824,3590730,2526603,3509086,2769273,3201159,2693239,2397099,2836082,2086568,2262744,1850650,3665092,3129820
80,3854694,3394533,4189897,3196638,2744356,2716348,2686854,3318590,3107466,3088691,3135022,4628001,3416126,3822398,2656412,3220280,2692724,3003644,3362921,4191278,2963796,3284678,4032357,3622172,2535222,2341681,2744916,2712983,2440043,4236907,2330245,4015900,3651755,3209505,3009229,2936394,2642714,4272963,2465895,2920803,2614221,3467976,2765901,2785106,2933048,1675911,2927215,2838951,3332531,2392966,2712693,3863110,3784934,2845528,3709895,3277711,2718297,2892188,3360701,3842243,3549518,2841863,3793755,3999700,3321168,2381101,2612841,1,3729869,2676779,2570335,3102344,3629743,2553179,3550117,2795571,3230877,2719440,2425937,2861039,2106769,2290333,1870893,3704483,3163742
81,3896471,3434227,4221441,3225255,2765519,2740331,2718260,3340261,3141631,3138341,3180698,4677706,3458594,3859970,2687020,3261124,2726486,3038982,3386925,4237262,2996857,3319106,4076833,3652304,2573014,2361619,2778870,2738951,2464315,4280221,2349926,4051352,3680347,3239150,3047704,2972120,2684203,4324040,2488743,2966767,2636547,3499441,2797067,2818493,2966068,1692861,2962635,2865376,3362397,2422919,2748972,3892969,3821076,2872619,3771169,3325498,2739316,2933728,3402368,3869928,3597447,2877844,3835103,4041016,3356382,2402467,2642188,1,3760407,2708985,2594253,3126906,3680139,2579519,3592399,2832631,3261526,2744976,2447569,2897076,2129093,2311249,1886661,3740907,3190958
82,3943194,3481116,4264055,3266041,2796528,2773816,2755961,3372961,3195071,3179975,3222367,4712410,3502584,3906687,2709484,3299417,2745182,3081861,3425109,4285943,3023132,3377800,4117053,3681813,2607376,2383684,2810034,2772678,2499774,4335352,2373832,4099049,3718993,3257370,3093811,3015586,2721009,4363268,2524693,3002344,2656143,3545676,2834735,2854769,3000975,1712585,3003078,2907725,3402957,2446618,2791766,3948162,3854656,2919001,3814267,3379997,2787083,2985579,3432424,3912390,3638312,2920578,3882719,4078802,3387510,2438259,2666032,1,3788083,2743599,2620908,3169958,3722619,2609616,3636351,2869756,3301145,2780608,2468466,2942264,2156905,2339514,1908283,3770673,3238433
83,3979235,3534206,4303873,3301765,2824793,2802823,2786576,3403010,3247613,3221228,3250205,4757887,3537405,3941956,2744744,3347939,2779678,3106403,3456669,4306337,3057578,3412565,4158269,3718829,2639906,2408533,2840528,2810498,2527630,4397516,2411530,4139401,3764905,3310367,3151051,3042770,2754454,4421144,2562068,3044152,2686237,3590484,2869915,2887898,3034662,1732399,3044384,2942630,3443526,2476277,2825257,3983788,3890593,2948502,3866488,3420985,2814762,3039113,3460761,3961695,3676352,2963328,3941880,4117525,3421188,2469553,2694247,1,3837169,2780518,2644673,3206908,3766942,2638941,3680354,2899143,3340871,2809643,2498826,2982417,2185362,2372871,1927668,3812630,3266369
84,4024105,3570815,4353092,3343569,2874596,2824065,2827336,3443439,3305404,3261748,3283898,4837078,3582219,3977117,2784092,3382972,2820469,3153448,3499466,4365299,3094711,3450860,4205332,3750796,2677602,2434994,2869699,2847301,2557136,4455162,2440826,4179201,3818084,3359660,3186112,3082200,2798474,4496146,2597934,3081668,2714522,3636249,2907944,2928122,3064366,1750622,3073830,2975833,3488528,2511599,2863707,4029004,3915671,2990330,3914713,3479658,2860049,3075404,3508407,4012997,3728712,2995872,3986570,4184789,3445481,2499239,2721270,1,3871610,2814477,2671327,3245941,3811721,2662392,3725888,2941308,3376068,2842830,2518068,3021416,2209872,2405989,1943606,3855549,3300272
85,4073070,3611220,4399794,3389710,2900388,2870662,2869922,3483201,3348128,3310252,3332313,4905321,3635863,4021368,2818556,3419794,2855725,3192955,3540751,4412389,3132907,3484822,4262643,3805138,2722089,2469378,2904557,2875550,2599379,4523943,2467752,4222709,3879329,3394671,3245655,3125304,2834641,4580177,2640303,3135190,2740346,3684674,2938898,2973293,3097181,1774687,3110110,3016996,3529338,2546193,2903327,4078998,3956534,3028188,3968652,3518980,2904135,3133466,3546376,4057647,3785767,3035777,4052276,4221368,3475981,2537181,2745475,1,3900113,2862767,2721156,3292044,3861695,2695638,3770297,2988936,3416226,2875792,2558060,3057978,2237274,2440320,1966606,3894946,3352848
86,4129132,3662474,4455968,3439990,2952634,2917686,2912016,3522809,3392287,3370688,3395479,4948195,3684956,4067196,2868050,3464044,2902703,3240902,3582575,4459042,3164116,3541265,4310046,3849416,2760338,2495662,2947896,2911060,2638954,4591366,2491850,4269116,3919953,3424519,3300782,3169261,2888519,4634709,2684733,3191757,2769208,3737702,2983351,3012315,3136997,1797309,3154952,3057328,3580851,2583086,2954176,4147518,4007555,3072459,4021986,3577623,2950897,3193248,3617391,4115109,3862364,3093672,4107034,4285336,3512023,2572958,2776840,1,3949526,2899901,2766411,3331077,3923887,2721849,3834550,3039883,3460134,2914659,2594338,3094341,2267824,2470978,1988515,3949030,3403744
87,4187379,3717232,4539647,3482175,2996112,2962344,2951144,3563644,3444833,3434950,3438331,5011856,3748862,4118632,2914646,3522349,2956323,3277075,3624073,4513390,3204225,3590682,4374559,3889775,2803804,2526223,2992822,2947500,2679232,4652542,2524622,4333660,3984670,3474315,3345347,3212791,2938064,4711252,2725244,3233609,2806492,3784318,3025847,3060315,3173788,1824352,3202110,3096722,3628438,2617779,3027810,4223775,4063676,3111539,4070992,3641351,3003505,3254788,3657542,4168678,3935735,3136867,4171198,4344554,3551308,2607802,2813773,1,3997737,2941786,2805342,3368990,3984851,2750343,3879270,3093313,3518448,2961410,2629259,3135626,2297122,2506285,2012614,4001507,3442991
88,4243397,3789134,4611489,3538083,3045265,2999630,3000224,3611365,3507571,3504113,3496826,5077432,3792289,4209319,2964251,3583944,3006948,3323046,3684839,4566248,3250065,3644805,4437293,3935253,2857016,2565853,3033964,3002269,2741472,4751517,2557888,4406024,4042127,3530509,3405001,3272965,3000994,4766271,2780280,3286317,2838994,3844095,3066015,3113672,3223957,1853066,3254517,3138933,3688163,2654916,3083683,4268664,4116099,3165559,4118403,3703259,3058055,3314472,3709499,4240378,3998823,3184247,4252718,4406004,3598648,2654749,2868979,1,4050328,3002755,2840095,3416230,4024708,2787754,3949958,3139750,3565579,3000216,2660988,3177502,2326475,2549606,2039868,4055271,3488613
89,4306838,3842091,4673767,3593688,3090863,3056214,3053837,3666314,3557398,3567702,3562563,5140392,3854731,4266324,3010560,3653215,3057211,3390181,3731532,4635926,3290148,3708163,4495395,3982265,2920238,2605969,3061686,3030832,2791131,4850023,2599848,4475373,4116847,3577505,3468608,3329352,3057167,4829585,2828277,3369823,2876280,3914052,3109859,3169160,3277230,1882719,3320475,3185821,3739191,2706077,3145605,4330070,4159143,3216112,4185452,3764658,3121542,3404414,3756523,4278707,4090291,3245254,4367025,4468431,3636898,2707318,2901406,1,4095271,3068933,2892308,3461908,4088940,2829175,4022281,3208315,3616806,3046686,2698789,3226364,2362851,2592538,2069059,4098255,3533826
90,4388496,3899892,4749257,3673734,3150593,3102362,3103040,3725183,3650147,3634099,3631010,5229438,3918088,4323449,3057955,3718414,3128751,3430760,3789128,4712271,3338931,3784867,4550715,4035646,2983035,2639368,3106855,3077406,2850696,4951627,2651010,4539009,4191967,3655571,3550163,3380670,3120001,4912661,2886633,3430133,2903865,3998500,3161433,3216165,3327501,1915567,3373999,3250201,3814806,2751925,3219650,4397193,4224028,3283405,4250844,3835083,3215788,3475191,3802871,4337163,4184450,3303199,4460864,4544192,3709613,2766907,2962409,1,4156936,3122414,2937909,3508218,4181800,2869243,4114950,3271678,3691313,3106440,2747799,3275403,2400450,2641462,2104106,4169867,3590270
91,4472248,3988029,4841395,3725428,3208548,3161922,3195403,3789128,3736873,3707249,3715918,5333869,4010753,4384293,3125698,3789853,3194998,3497155,3850497,4810729,3387903,3839287,4626130,4103703,3027950,2703598,3169755,3113257,2904493,5061262,2708712,4627240,4256337,3714297,3619414,3431391,3168531,5019648,2960627,3495665,2952683,4052402,3242319,3276169,3399551,1954276,3418338,3317418,3861403,2797777,3301606,4476199,4313966,3367645,4345884,3904303,3270241,3544093,3865183,4438524,4264505,3381551,4538622,4606480,3768121,2821581,3006479,1,4234464,3173927,2997818,3575301,4266055,2924122,4197257,3328003,3758867,3165011,2804494,3332195,2452161,2695750,2145591,4253286,3646712
92,4564246,4071986,4928398,3796438,3259245,3227042,3269159,3857466,3829103,3796799,3792908,5455225,4096808,4466557,3193321,3846907,3285255,3564671,3926601,4902755,3449837,3932033,4708607,4167788,3078753,2761472,3225005,3181026,3003331,5195132,2759713,4705240,4325685,3775095,3689177,3517836,3259353,5115890,3034887,3577017,3007857,4130755,3303991,3356293,3462664,1995956,3512521,3386923,3945960,2849019,3391353,4579739,4378768,3450662,4425112,4011240,3342157,3643118,3948306,4532092,4344535,3472955,4640078,4672057,3834786,2897836,3037934,1,4314035,3239026,3065786,3640726,4348391,2983945,4277431,3414047,3884077,3234215,2861660,3389149,2505380,2763629,2178017,4315738,3729084
93,4643528,4173817,5015424,3891810,3321220,3297619,3360443,3937563,3934624,3897072,3872473,5542253,4198227,4552939,3248916,3942541,3385545,3635597,3995511,4970616,3531636,4023029,4804656,4243826,3145344,2826962,3295328,3232889,3073620,5341882,2823301,4819559,4425340,3857320,3800340,3590207,3327079,5236080,3104034,3695735,3070028,4228917,3373244,3430985,3530196,2041576,3576203,3458025,4046220,2916958,3490579,4668275,4472031,3544151,4528804,4089234,3435596,3726164,4055812,4621356,4422403,3563675,4768181,4783602,3922841,2995758,3104052,1,4404797,3338650,3135767,3716602,4452211,3037065,4388911,3491594,3979438,3313055,2927305,3464808,2559089,2841552,2219900,4405088,3807750
94,4747888,4313778,5128825,3992578,3385536,3373605,3447767,4036106,4048150,4008454,3943455,5693397,4310940,4646799,3337873,4041825,3469365,3692810,4077764,5076849,3642943,4148028,4911113,4339954,3234871,2899885,3363132,3305293,3171266,5540061,2879674,4936719,4518411,3954518,3895879,3714407,3419901,5354366,3178134,3790458,3141878,4323930,3451837,3536802,3628978,2095627,3684927,3555884,4130250,2981639,3619570,4779096,4606516,3644209,4634080,4211620,3540959,3869607,4152496,4743523,4501836,3632131,4883802,4883965,4016345,3113326,3180632,1,4506477,3444127,3247924,3829718,4585154,3113447,4484002,3599507,4100435,3414447,3015573,3577988,2615213,2931694,2285308,4499073,3916732
95,4897079,4475330,5243712,4114154,3482166,3452257,3534998,4145434,4193168,4167910,4075284,5903453,4455254,4788292,3430506,4192649,3589219,3786285,4202015,5189286,3730115,4271686,5050777,4425420,3310887,2985829,3461741,3428786,3279871,5780948,2967147,5042709,4632114,4048257,4048124,3866476,3525418,5524332,3282606,3949203,3217954,4434492,3546228,3656072,3732872,2152344,3812322,3675588,4249808,3063548,3747458,4915527,4715751,3780936,4794312,4334254,3653592,4025951,4253180,4869115,4642245,3744586,5068892,5005148,4102852,3208179,3256658,1,4655867,3564753,3369949,3962142,4703305,3209999,4628073,3710488,4240454,3499790,3099342,3679766,2673777,3022177,2355156,4605164,4029168
96,5034628,4658751,5425872,4262899,3604088,3545386,3667815,4284085,4374865,4357966,4212787,6107510,4639064,4923339,3518314,4366592,3730444,3919147,4315199,5379396,3854991,4406682,5208103,4543060,3452730,3059624,3578391,3529281,3429094,6014766,3074934,5155223,4798898,4161783,4254467,4051250,3686614,5742138,3399771,4096450,3313132,4620029,3670391,3776222,3887162,2228250,3936411,3788229,4351291,3188759,3892060,5072775,4808514,3960164,4954577,4488099,3793058,4208160,4417820,4994955,4787196,3871141,5223641,5129002,4218432,3315083,3348408,1,4768901,3685701,3479286,4118874,4862898,3316652,4776784,3831195,4386693,3593628,3234357,3807608,2775459,3114774,2448949,4777999,4113987
97,5339105,4934307,5645631,4443912,3745533,3727968,3857826,4477887,4591810,4557344,4453302,6345219,4841104,5095549,3627754,4615594,3881839,4123069,4455413,5594672,4016326,4575568,5422755,4714623,3632412,3208601,3764783,3657177,3571773,6291079,3183169,5374212,4994913,4294163,4438723,4201586,3901125,6004422,3578111,4271074,3453711,4777757,3858453,3958945,4044750,2321988,4127020,3914986,4541252,3303586,4083457,5266469,4973309,4116916,5121194,4643624,3981749,4433780,4596021,5213822,5013898,4050759,5502748,5296835,4375627,3497668,3488279,1,4929521,3807808,3623149,4259733,5062706,3446874,5101333,4003674,4560942,3743075,3359622,4026253,2878832,3256090,2533911,4928576,4282359
98,5615164,5275761,5921952,4719318,3953031,3982248,4055466,4685283,4959667,4906960,4691979,6669081,5178746,5375909,3789115,4964365,4120585,4309430,4604629,5877892,4253178,4819006,5623371,4906922,3828351,3344927,3974298,3860950,3771077,6698490,3343961,5700949,5164004,4496758,4711485,4493381,4145489,6427336,3813080,4606349,3604330,5014742,4157001,4180321,4236094,2450311,4378209,4207737,4734361,3458417,4305486,5513262,5313683,4328442,5463305,4978142,4151879,4777912,4848376,5457944,5283162,4259381,5771544,5468586,4583106,3751470,3739129,1,5156195,4150261,3823003,4523205,5312728,3621075,5378448,4160632,4790245,3979983,3588302,4240714,3058069,3481314,2685116,5292969,4590651
99,6158339,5827614,6436656,5134187,4211954,4290170,4533731,5005596,5715867,5469349,5207807,7319814,5593503,5796291,4187178,5441949,4470111,4671043,4996181,6381824,4623972,5213952,6031738,5238952,4287851,3595983,4302280,4193743,4097224,7427820,3631356,6095134,5682185,4806496,5094028,4903996,4507291,6952280,4103032,5131173,3939797,5438974,4486420,4657622,4663582,2664820,4829563,4568744,5177591,3841348,4828888,6014399,5797201,4823225,6046886,5460552,4538361,5182777,5353829,5820053,5833358,4799929,6429335,5896275,4911004,4121591,4047618,1,5480758,4624621,4297644,4830814,5920524,3884372,5729380,4573698,5081750,4299436,3824267,4707216,3305970,4153584,2922118,5760090,5018939
